EA0000000001;2190011410001;E1000020;Chemise;41;41;white;white;TIMINTER;top;T_Shirt;NULL;NULL;NULL
EA0000000002;2190011410002;E1000020;Chemise;41;41;white;white;TIMINTER;top;T_Shirt;NULL;NULL;NULL
EA0000000003;2190011410003;E1000085;Dress;41;41;Rouge;Rouge;TIMINTER;Bottom;dress;NULL;NULL;NULL
EA0000000004;2190011410004;E1000086;Chemise;41;41;white;white;TIMINTER;top;T_Shirt;NULL;NULL;NULL
EA0000000005;2190011410005;E1000087;Chemise;41;41;white;white;TIMINTER;top;T_Shirt;NULL;NULL;NULL
EA0000000006;2190011410006;E1000088;Dress;41;41;Rouge;Rouge;TIMINTER;Bottom;dress;NULL;NULL;NULL
EA0000000007;2190011410007;E1000089;Chemise;41;41;white;white;TIMINTER;top;T_Shirt;NULL;NULL;NULL
EA0000000008;2190011410008;E1000090;Chemise;41;41;white;white;TIMINTER;top;T_Shirt;NULL;NULL;NULL
EA0000000009;2190011410009;E1000091;Dress;41;41;Rouge;Rouge;TIMINTER;Bottom;dress;NULL;NULL;NULL
EA0000000010;2190011410010;E1000092;Chemise;41;41;white;white;TIMINTER;top;T_Shirt;NULL;NULL;NULL
EA0000000011;2190011410011;E1000093;Chemise;41;41;white;white;TIMINTER;top;T_Shirt;NULL;NULL;NULL
EA0000000012;2190011410012;E1000094;Dress;41;41;Rouge;Rouge;TIMINTER;Bottom;dress;NULL;NULL;NULL
EA0000000013;2190011410013;E1000095;Chemise;41;41;white;white;TIMINTER;top;T_Shirt;NULL;NULL;NULL
EA0000000014;2190011410014;E1000096;Chemise;41;41;white;white;TIMINTER;top;T_Shirt;NULL;NULL;NULL
EA0000000015;2190011410015;E1000097;Dress;41;41;Rouge;Rouge;TIMINTER;Bottom;dress;NULL;NULL;NULL
EA0000000016;2190011410016;E1000098;Chemise;41;41;white;white;TIMINTER;top;T_Shirt;NULL;NULL;NULL
EA0000000017;2190011410017;E1000099;Chemise;41;41;white;white;TIMINTER;top;T_Shirt;NULL;NULL;NULL
EA0000000018;2190011410018;E1000100;Dress;41;41;Rouge;Rouge;TIMINTER;Bottom;dress;NULL;NULL;NULL
EA0000000019;2190011410019;E1000101;Chemise;41;41;white;white;TIMINTER;top;T_Shirt;NULL;NULL;NULL
EA0000000020;2190011410020;E1000102;Chemise;41;41;white;white;TIMINTER;top;T_Shirt;NULL;NULL;NULL
EA0000000021;2190011410021;E1000103;Dress;41;41;Rouge;Rouge;TIMINTER;Bottom;dress;NULL;NULL;NULL
EA0000000022;2190011410022;E1000104;Chemise;41;41;white;white;TIMINTER;top;T_Shirt;NULL;NULL;NULL
EA0000000023;2190011410023;E1000105;Chemise;41;41;white;white;TIMINTER;top;T_Shirt;NULL;NULL;NULL
EA0000000024;2190011410024;E1000106;Dress;41;41;Rouge;Rouge;TIMINTER;Bottom;dress;NULL;NULL;NULL
EA0000000025;2190011410025;E1000107;Chemise;41;41;white;white;TIMINTER;top;T_Shirt;NULL;NULL;NULL
EA0000000026;2190011410026;E1000108;Chemise;41;41;white;white;TIMINTER;top;T_Shirt;NULL;NULL;NULL
EA0000000027;2190011410027;E1000109;Dress;41;41;Rouge;Rouge;TIMINTER;Bottom;dress;NULL;NULL;NULL
EA0000000028;2190011410028;E1000110;Chemise;41;41;white;white;TIMINTER;top;T_Shirt;NULL;NULL;NULL
EA0000000029;2190011410029;E1000111;Chemise;41;41;white;white;TIMINTER;top;T_Shirt;NULL;NULL;NULL
EA0000000030;2190011410030;E1000112;Dress;41;41;Rouge;Rouge;GLOBAL;Bottom;dress;NULL;NULL;NULL
EA0000000031;2190011410031;E1000113;Chemise;41;41;white;white;GLOBAL;top;T_Shirt;NULL;NULL;NULL
EA0000000032;2190011410032;E1000114;Chemise;41;41;white;white;GLOBAL;top;T_Shirt;NULL;NULL;NULL
EA0000000033;2190011410033;E1000115;Dress;41;41;Rouge;Rouge;GLOBAL;Bottom;dress;NULL;NULL;NULL
EA0000000034;2190011410034;E1000116;Chemise;41;41;white;white;GLOBAL;top;T_Shirt;NULL;NULL;NULL
EA0000000035;2190011410035;E1000117;Chemise;41;41;white;white;GLOBAL;top;T_Shirt;NULL;NULL;NULL
EA0000000036;2190011410036;E1000118;Dress;41;41;Rouge;Rouge;GLOBAL;Bottom;dress;NULL;NULL;NULL
EA0000000037;2190011410037;E1000119;Chemise;41;41;white;white;GLOBAL;top;T_Shirt;NULL;NULL;NULL
EA0000000038;2190011410038;E1000120;Chemise;41;41;white;white;GLOBAL;top;T_Shirt;NULL;NULL;NULL
EA0000000039;2190011410039;E1000121;Dress;41;41;Rouge;Rouge;GLOBAL;Bottom;dress;NULL;NULL;NULL
EA0000000040;2190011410040;E1000122;Chemise;41;41;white;white;GLOBAL;top;T_Shirt;NULL;NULL;NULL
EA0000000041;2190011410041;E1000123;Chemise;41;41;white;white;GLOBAL;top;T_Shirt;NULL;NULL;NULL
EA0000000042;2190011410042;E1000124;Dress;41;41;Rouge;Rouge;GLOBAL;Bottom;dress;NULL;NULL;NULL
EA0000000043;2190011410043;E1000125;Chemise;41;41;white;white;GLOBAL;top;T_Shirt;NULL;NULL;NULL
EA0000000044;2190011410044;E1000126;Chemise;41;41;white;white;GLOBAL;top;T_Shirt;NULL;NULL;NULL
EA0000000045;2190011410045;E1000127;Dress;41;41;Rouge;Rouge;GLOBAL;Bottom;dress;NULL;NULL;NULL
EA0000000046;2190011410046;E1000128;Chemise;41;41;white;white;GLOBAL;top;T_Shirt;NULL;NULL;NULL
EA0000000047;2190011410047;E1000129;Chemise;41;41;white;white;GLOBAL;top;T_Shirt;NULL;NULL;NULL
EA0000000048;2190011410048;E1000130;Dress;41;41;Rouge;Rouge;GLOBAL;Bottom;dress;NULL;NULL;NULL
EA0000000049;2190011410049;E1000131;Chemise;41;41;white;white;GLOBAL;top;T_Shirt;NULL;NULL;NULL
EA0000000050;2190011410050;E1000132;Chemise;41;41;white;white;GLOBAL;top;T_Shirt;NULL;NULL;NULL
EA0000000051;2190011410051;E1000133;Dress;41;41;Rouge;Rouge;GLOBAL;Bottom;dress;NULL;NULL;NULL
EA0000000052;2190011410052;E1000134;Chemise;41;41;white;white;GLOBAL;top;T_Shirt;NULL;NULL;NULL
EA0000000053;2190011410053;E1000135;Chemise;41;41;white;white;GLOBAL;top;T_Shirt;NULL;NULL;NULL
EA0000000054;2190011410054;E1000136;Dress;41;41;Rouge;Rouge;GLOBAL;Bottom;dress;NULL;NULL;NULL
EA0000000055;2190011410055;E1000137;Chemise;41;41;white;white;GLOBAL;top;T_Shirt;NULL;NULL;NULL
EA0000000056;2190011410056;E1000138;Chemise;41;41;white;white;GLOBAL;top;T_Shirt;NULL;NULL;NULL
EA0000000057;2190011410057;E1000139;Dress;41;41;Rouge;Rouge;GLOBAL;Bottom;dress;NULL;NULL;NULL
EA0000000058;2190011410058;E1000140;Chemise;41;41;white;white;GLOBAL;top;T_Shirt;NULL;NULL;NULL
EA0000000059;2190011410059;E1000141;Chemise;41;41;white;white;GLOBAL;top;T_Shirt;NULL;NULL;NULL
EA0000000060;2190011410060;E1000142;Dress;41;41;Rouge;Rouge;GLOBAL;Bottom;dress;NULL;NULL;NULL
EA0000000061;2190011410061;E1000143;Chemise;41;41;white;white;GLOBAL;top;T_Shirt;NULL;NULL;NULL
EA0000000062;2190011410062;E1000144;Chemise;41;41;white;white;GLOBAL;top;T_Shirt;NULL;NULL;NULL
EA0000000063;2190011410063;E1000145;Dress;41;41;Rouge;Rouge;GLOBAL;Bottom;dress;NULL;NULL;NULL
EA0000000064;2190011410064;E1000146;Chemise;41;41;white;white;GLOBAL;top;T_Shirt;NULL;NULL;NULL
EA0000000065;2190011410065;E1000147;Chemise;41;41;white;white;GLOBAL;top;T_Shirt;NULL;NULL;NULL
EA0000000066;2190011410066;E1000148;Dress;41;41;Rouge;Rouge;GLOBAL;Bottom;dress;NULL;NULL;NULL
EA0000000067;2190011410067;E1000149;Chemise;41;41;white;white;GLOBAL;top;T_Shirt;NULL;NULL;NULL
EA0000000068;2190011410068;E1000150;Chemise;41;41;white;white;GLOBAL;top;T_Shirt;NULL;NULL;NULL
EA0000000069;2190011410069;E1000151;Dress;41;41;Rouge;Rouge;GLOBAL;Bottom;dress;NULL;NULL;NULL
EA0000000070;2190011410070;E1000152;Chemise;41;41;white;white;GLOBAL;top;T_Shirt;NULL;NULL;NULL
EA0000000071;2190011410071;E1000153;Chemise;41;41;white;white;GLOBAL;top;T_Shirt;NULL;NULL;NULL
EA0000000072;2190011410072;E1000154;Dress;41;41;Rouge;Rouge;GLOBAL;Bottom;dress;NULL;NULL;NULL
EA0000000073;2190011410073;E1000155;Chemise;41;41;white;white;GLOBAL;top;T_Shirt;NULL;NULL;NULL
EA0000000074;2190011410074;E1000156;Chemise;41;41;white;white;GLOBAL;top;T_Shirt;NULL;NULL;NULL
EA0000000075;2190011410075;E1000157;Dress;41;41;Rouge;Rouge;GLOBAL;Bottom;dress;NULL;NULL;NULL
EA0000000076;2190011410076;E1000158;Chemise;41;41;white;white;GLOBAL;top;T_Shirt;NULL;NULL;NULL
EA0000000077;2190011410077;E1000159;Chemise;41;41;white;white;GLOBAL;top;T_Shirt;NULL;NULL;NULL
EA0000000078;2190011410078;E1000160;Dress;41;41;Rouge;Rouge;GLOBAL;Bottom;dress;NULL;NULL;NULL
EA0000000079;2190011410079;E1000161;Chemise;41;41;white;white;GLOBAL;top;T_Shirt;NULL;NULL;NULL
EA0000000080;2190011410080;E1000162;Chemise;41;41;white;white;GLOBAL;top;T_Shirt;NULL;NULL;NULL
EA0000000081;2190011410081;E1000163;Dress;41;41;Rouge;Rouge;GLOBAL;Bottom;dress;NULL;NULL;NULL
EA0000000082;2190011410082;E1000164;Chemise;41;41;white;white;GLOBAL;top;T_Shirt;NULL;NULL;NULL
EA0000000083;2190011410083;E1000165;Chemise;41;41;white;white;GLOBAL;top;T_Shirt;NULL;NULL;NULL
EA0000000084;2190011410084;E1000166;Dress;41;41;Rouge;Rouge;GLOBAL;Bottom;dress;NULL;NULL;NULL
EA0000000085;2190011410085;E1000167;Chemise;41;41;white;white;GLOBAL;top;T_Shirt;NULL;NULL;NULL
EA0000000086;2190011410086;E1000168;Chemise;41;41;white;white;GLOBAL;top;T_Shirt;NULL;NULL;NULL
EA0000000087;2190011410087;E1000169;Dress;41;41;Rouge;Rouge;GLOBAL;Bottom;dress;NULL;NULL;NULL
EA0000000088;2190011410088;E1000170;Chemise;41;41;white;white;GLOBAL;top;T_Shirt;NULL;NULL;NULL
EA0000000089;2190011410089;E1000171;Chemise;41;41;white;white;GLOBAL;top;T_Shirt;NULL;NULL;NULL
EA0000000090;2190011410090;E1000172;Dress;41;41;Rouge;Rouge;GLOBAL;Bottom;dress;NULL;NULL;NULL
EA0000000091;2190011410091;E1000173;Chemise;41;41;white;white;GLOBAL;top;T_Shirt;NULL;NULL;NULL
EA0000000092;2190011410092;E1000174;Chemise;41;41;white;white;GLOBAL;top;T_Shirt;NULL;NULL;NULL
EA0000000093;2190011410093;E1000175;Dress;41;41;Rouge;Rouge;GLOBAL;Bottom;dress;NULL;NULL;NULL
EA0000000094;2190011410094;E1000176;Chemise;41;41;white;white;GLOBAL;top;T_Shirt;NULL;NULL;NULL
EA0000000095;2190011410095;E1000177;Chemise;41;41;white;white;GLOBAL;top;T_Shirt;NULL;NULL;NULL
EA0000000096;2190011410096;E1000178;Dress;41;41;Rouge;Rouge;GLOBAL;Bottom;dress;NULL;NULL;NULL
EA0000000097;2190011410097;E1000179;Chemise;41;41;white;white;GLOBAL;top;T_Shirt;NULL;NULL;NULL
EA0000000098;2190011410098;E1000180;Chemise;41;41;white;white;GLOBAL;top;T_Shirt;NULL;NULL;NULL
EA0000000099;2190011410099;E1000181;Dress;41;41;Rouge;Rouge;GLOBAL;Bottom;dress;NULL;NULL;NULL
EA0000000100;2190011410100;E1000182;Chemise;41;41;white;white;GLOBAL;top;T_Shirt;NULL;NULL;NULL
EA0000000101;2190011410101;E1000183;Chemise;41;41;white;white;GLOBAL;top;T_Shirt;NULL;NULL;NULL
EA0000000102;2190011410102;E1000184;Dress;41;41;Rouge;Rouge;GLOBAL;Bottom;dress;NULL;NULL;NULL
EA0000000103;2190011410103;E1000185;Chemise;41;41;white;white;GLOBAL;top;T_Shirt;NULL;NULL;NULL
EA0000000104;2190011410104;E1000186;Chemise;41;41;white;white;GLOBAL;top;T_Shirt;NULL;NULL;NULL
EA0000000105;2190011410105;E1000187;Dress;41;41;Rouge;Rouge;GLOBAL;Bottom;dress;NULL;NULL;NULL
EA0000000106;2190011410106;E1000188;Chemise;41;41;white;white;GLOBAL;top;T_Shirt;NULL;NULL;NULL
EA0000000107;2190011410107;E1000189;Chemise;41;41;white;white;GLOBAL;top;T_Shirt;NULL;NULL;NULL
EA0000000108;2190011410108;E1000190;Dress;41;41;Rouge;Rouge;GLOBAL;Bottom;dress;NULL;NULL;NULL
EA0000000109;2190011410109;E1000191;Chemise;41;41;white;white;GLOBAL;top;T_Shirt;NULL;NULL;NULL
EA0000000110;2190011410110;E1000192;Chemise;41;41;white;white;GLOBAL;top;T_Shirt;NULL;NULL;NULL
EA0000000111;2190011410111;E1000193;Dress;41;41;Rouge;Rouge;GLOBAL;Bottom;dress;NULL;NULL;NULL
EA0000000112;2190011410112;E1000194;Chemise;41;41;white;white;GLOBAL;top;T_Shirt;NULL;NULL;NULL
EA0000000113;2190011410113;E1000195;Chemise;41;41;white;white;GLOBAL;top;T_Shirt;NULL;NULL;NULL
EA0000000114;2190011410114;E1000196;Dress;41;41;Rouge;Rouge;GLOBAL;Bottom;dress;NULL;NULL;NULL
EA0000000115;2190011410115;E1000197;Chemise;41;41;white;white;GLOBAL;top;T_Shirt;NULL;NULL;NULL
EA0000000116;2190011410116;E1000198;Chemise;41;41;white;white;GLOBAL;top;T_Shirt;NULL;NULL;NULL
EA0000000117;2190011410117;E1000199;Dress;41;41;Rouge;Rouge;GLOBAL;Bottom;dress;NULL;NULL;NULL
EA0000000118;2190011410118;E1000200;Chemise;41;41;white;white;GLOBAL;top;T_Shirt;NULL;NULL;NULL
EA0000000119;2190011410119;E1000201;Chemise;41;41;white;white;GLOBAL;top;T_Shirt;NULL;NULL;NULL
EA0000000120;2190011410120;E1000202;Dress;41;41;Rouge;Rouge;GLOBAL;Bottom;dress;NULL;NULL;NULL
EA0000000121;2190011410121;E1000203;Chemise;41;41;white;white;GLOBAL;top;T_Shirt;NULL;NULL;NULL
EA0000000122;2190011410122;E1000204;Chemise;41;41;white;white;GLOBAL;top;T_Shirt;NULL;NULL;NULL
EA0000000123;2190011410123;E1000205;Dress;41;41;Rouge;Rouge;GLOBAL;Bottom;dress;NULL;NULL;NULL
EA0000000124;2190011410124;E1000206;Chemise;41;41;white;white;GLOBAL;top;T_Shirt;NULL;NULL;NULL
EA0000000125;2190011410125;E1000207;Chemise;41;41;white;white;GLOBAL;top;T_Shirt;NULL;NULL;NULL
EA0000000126;2190011410126;E1000208;Dress;41;41;Rouge;Rouge;GLOBAL;Bottom;dress;NULL;NULL;NULL
EA0000000127;2190011410127;E1000209;Chemise;41;41;white;white;GLOBAL;top;T_Shirt;NULL;NULL;NULL
EA0000000128;2190011410128;E1000210;Chemise;41;41;white;white;GLOBAL;top;T_Shirt;NULL;NULL;NULL
EA0000000129;2190011410129;E1000211;Dress;41;41;Rouge;Rouge;GLOBAL;Bottom;dress;NULL;NULL;NULL
EA0000000130;2190011410130;E1000212;Chemise;41;41;white;white;GLOBAL;top;T_Shirt;NULL;NULL;NULL
EA0000000131;2190011410131;E1000213;Chemise;41;41;white;white;GLOBAL;top;T_Shirt;NULL;NULL;NULL
EA0000000132;2190011410132;E1000214;Dress;41;41;Rouge;Rouge;GLOBAL;Bottom;dress;NULL;NULL;NULL
EA0000000133;2190011410133;E1000215;Chemise;41;41;white;white;GLOBAL;top;T_Shirt;NULL;NULL;NULL
EA0000000134;2190011410134;E1000216;Chemise;41;41;white;white;GLOBAL;top;T_Shirt;NULL;NULL;NULL
EA0000000135;2190011410135;E1000217;Dress;41;41;Rouge;Rouge;GLOBAL;Bottom;dress;NULL;NULL;NULL
EA0000000136;2190011410136;E1000218;Chemise;41;41;white;white;GLOBAL;top;T_Shirt;NULL;NULL;NULL
EA0000000137;2190011410137;E1000219;Chemise;41;41;white;white;GLOBAL;top;T_Shirt;NULL;NULL;NULL
EA0000000138;2190011410138;E1000220;Dress;41;41;Rouge;Rouge;GLOBAL;Bottom;dress;NULL;NULL;NULL
EA0000000139;2190011410139;E1000221;Chemise;41;41;white;white;GLOBAL;top;T_Shirt;NULL;NULL;NULL
EA0000000140;2190011410140;E1000222;Chemise;41;41;white;white;GLOBAL;top;T_Shirt;NULL;NULL;NULL
EA0000000141;2190011410141;E1000223;Dress;41;41;Rouge;Rouge;GLOBAL;Bottom;dress;NULL;NULL;NULL
EA0000000142;2190011410142;E1000224;Chemise;41;41;white;white;GLOBAL;top;T_Shirt;NULL;NULL;NULL
EA0000000143;2190011410143;E1000225;Chemise;41;41;white;white;GLOBAL;top;T_Shirt;NULL;NULL;NULL
EA0000000144;2190011410144;E1000226;Dress;41;41;Rouge;Rouge;GLOBAL;Bottom;dress;NULL;NULL;NULL
EA0000000145;2190011410145;E1000227;Chemise;41;41;white;white;GLOBAL;top;T_Shirt;NULL;NULL;NULL
EA0000000146;2190011410146;E1000228;Chemise;41;41;white;white;GLOBAL;top;T_Shirt;NULL;NULL;NULL
EA0000000147;2190011410147;E1000229;Dress;41;41;Rouge;Rouge;GLOBAL;Bottom;dress;NULL;NULL;NULL
EA0000000148;2190011410148;E1000230;Chemise;41;41;white;white;GLOBAL;top;T_Shirt;NULL;NULL;NULL
EA0000000149;2190011410149;E1000231;Chemise;41;41;white;white;GLOBAL;top;T_Shirt;NULL;NULL;NULL
EA0000000150;2190011410150;E1000232;Dress;41;41;Rouge;Rouge;GLOBAL;Bottom;dress;NULL;NULL;NULL
EA0000000151;2190011410151;E1000233;Chemise;41;41;white;white;GLOBAL;top;T_Shirt;NULL;NULL;NULL
EA0000000152;2190011410152;E1000234;Chemise;41;41;white;white;GLOBAL;top;T_Shirt;NULL;NULL;NULL
EA0000000153;2190011410153;E1000235;Dress;41;41;Rouge;Rouge;GLOBAL;Bottom;dress;NULL;NULL;NULL
EA0000000154;2190011410154;E1000236;Chemise;41;41;white;white;GLOBAL;top;T_Shirt;NULL;NULL;NULL
EA0000000155;2190011410155;E1000237;Chemise;41;41;white;white;GLOBAL;top;T_Shirt;NULL;NULL;NULL
EA0000000156;2190011410156;E1000238;Dress;41;41;Rouge;Rouge;GLOBAL;Bottom;dress;NULL;NULL;NULL
EA0000000157;2190011410157;E1000239;Chemise;41;41;white;white;GLOBAL;top;T_Shirt;NULL;NULL;NULL
EA0000000158;2190011410158;E1000240;Chemise;41;41;white;white;GLOBAL;top;T_Shirt;NULL;NULL;NULL
EA0000000159;2190011410159;E1000241;Dress;41;41;Rouge;Rouge;GLOBAL;Bottom;dress;NULL;NULL;NULL
EA0000000160;2190011410160;E1000242;Chemise;41;41;white;white;GLOBAL;top;T_Shirt;NULL;NULL;NULL
EA0000000161;2190011410161;E1000243;Chemise;41;41;white;white;GLOBAL;top;T_Shirt;NULL;NULL;NULL
EA0000000162;2190011410162;E1000244;Dress;41;41;Rouge;Rouge;GLOBAL;Bottom;dress;NULL;NULL;NULL
EA0000000163;2190011410163;E1000245;Chemise;41;41;white;white;GLOBAL;top;T_Shirt;NULL;NULL;NULL
EA0000000164;2190011410164;E1000246;Chemise;41;41;white;white;GLOBAL;top;T_Shirt;NULL;NULL;NULL
EA0000000165;2190011410165;E1000247;Dress;41;41;Rouge;Rouge;GLOBAL;Bottom;dress;NULL;NULL;NULL
EA0000000166;2190011410166;E1000248;Chemise;41;41;white;white;GLOBAL;top;T_Shirt;NULL;NULL;NULL
EA0000000167;2190011410167;E1000249;Chemise;41;41;white;white;GLOBAL;top;T_Shirt;NULL;NULL;NULL
EA0000000168;2190011410168;E1000250;Dress;41;41;Rouge;Rouge;GLOBAL;Bottom;dress;NULL;NULL;NULL
EA0000000169;2190011410169;E1000251;Chemise;41;41;white;white;GLOBAL;top;T_Shirt;NULL;NULL;NULL
EA0000000170;2190011410170;E1000252;Chemise;41;41;white;white;GLOBAL;top;T_Shirt;NULL;NULL;NULL
EA0000000171;2190011410171;E1000253;Dress;41;41;Rouge;Rouge;GLOBAL;Bottom;dress;NULL;NULL;NULL
EA0000000172;2190011410172;E1000254;Chemise;41;41;white;white;GLOBAL;top;T_Shirt;NULL;NULL;NULL
EA0000000173;2190011410173;E1000255;Chemise;41;41;white;white;GLOBAL;top;T_Shirt;NULL;NULL;NULL
EA0000000174;2190011410174;E1000256;Dress;41;41;Rouge;Rouge;GLOBAL;Bottom;dress;NULL;NULL;NULL
EA0000000175;2190011410175;E1000257;Chemise;41;41;white;white;GLOBAL;top;T_Shirt;NULL;NULL;NULL
EA0000000176;2190011410176;E1000258;Chemise;41;41;white;white;GLOBAL;top;T_Shirt;NULL;NULL;NULL
EA0000000177;2190011410177;E1000259;Dress;41;41;Rouge;Rouge;GLOBAL;Bottom;dress;NULL;NULL;NULL
EA0000000178;2190011410178;E1000260;Chemise;41;41;white;white;GLOBAL;top;T_Shirt;NULL;NULL;NULL
EA0000000179;2190011410179;E1000261;Chemise;41;41;white;white;GLOBAL;top;T_Shirt;NULL;NULL;NULL
EA0000000180;2190011410180;E1000262;Dress;41;41;Rouge;Rouge;GLOBAL;Bottom;dress;NULL;NULL;NULL
EA0000000181;2190011410181;E1000263;Chemise;41;41;white;white;GLOBAL;top;T_Shirt;NULL;NULL;NULL
EA0000000182;2190011410182;E1000264;Chemise;41;41;white;white;GLOBAL;top;T_Shirt;NULL;NULL;NULL
EA0000000183;2190011410183;E1000265;Dress;41;41;Rouge;Rouge;GLOBAL;Bottom;dress;NULL;NULL;NULL
EA0000000184;2190011410184;E1000266;Chemise;41;41;white;white;GLOBAL;top;T_Shirt;NULL;NULL;NULL
EA0000000185;2190011410185;E1000267;Chemise;41;41;white;white;GLOBAL;top;T_Shirt;NULL;NULL;NULL
EA0000000186;2190011410186;E1000268;Dress;41;41;Rouge;Rouge;GLOBAL;Bottom;dress;NULL;NULL;NULL
EA0000000187;2190011410187;E1000269;Chemise;41;41;white;white;GLOBAL;top;T_Shirt;NULL;NULL;NULL
EA0000000188;2190011410188;E1000270;Chemise;41;41;white;white;GLOBAL;top;T_Shirt;NULL;NULL;NULL
EA0000000189;2190011410189;E1000271;Dress;41;41;Rouge;Rouge;GLOBAL;Bottom;dress;NULL;NULL;NULL
EA0000000190;2190011410190;E1000272;Chemise;41;41;white;white;GLOBAL;top;T_Shirt;NULL;NULL;NULL
EA0000000191;2190011410191;E1000273;Chemise;41;41;white;white;GLOBAL;top;T_Shirt;NULL;NULL;NULL
EA0000000192;2190011410192;E1000274;Dress;41;41;Rouge;Rouge;GLOBAL;Bottom;dress;NULL;NULL;NULL
EA0000000193;2190011410193;E1000275;Chemise;41;41;white;white;GLOBAL;top;T_Shirt;NULL;NULL;NULL
EA0000000194;2190011410194;E1000276;Chemise;41;41;white;white;GLOBAL;top;T_Shirt;NULL;NULL;NULL
EA0000000195;2190011410195;E1000277;Dress;41;41;Rouge;Rouge;GLOBAL;Bottom;dress;NULL;NULL;NULL
EA0000000196;2190011410196;E1000278;Chemise;41;41;white;white;GLOBAL;top;T_Shirt;NULL;NULL;NULL
EA0000000197;2190011410197;E1000279;Chemise;41;41;white;white;GLOBAL;top;T_Shirt;NULL;NULL;NULL
EA0000000198;2190011410198;E1000280;Dress;41;41;Rouge;Rouge;GLOBAL;Bottom;dress;NULL;NULL;NULL
EA0000000199;2190011410199;E1000281;Chemise;41;41;white;white;GLOBAL;top;T_Shirt;NULL;NULL;NULL
EA0000000200;2190011410200;E1000282;Chemise;41;41;white;white;GLOBAL;top;T_Shirt;NULL;NULL;NULL
EA0000000201;2190011410201;E1000283;Dress;41;41;Rouge;Rouge;GLOBAL;Bottom;dress;NULL;NULL;NULL
EA0000000202;2190011410202;E1000284;Chemise;41;41;white;white;GLOBAL;top;T_Shirt;NULL;NULL;NULL
EA0000000203;2190011410203;E1000285;Chemise;41;41;white;white;GLOBAL;top;T_Shirt;NULL;NULL;NULL
EA0000000204;2190011410204;E1000286;Dress;41;41;Rouge;Rouge;GLOBAL;Bottom;dress;NULL;NULL;NULL
EA0000000205;2190011410205;E1000287;Chemise;41;41;white;white;GLOBAL;top;T_Shirt;NULL;NULL;NULL
EA0000000206;2190011410206;E1000288;Chemise;41;41;white;white;GLOBAL;top;T_Shirt;NULL;NULL;NULL
EA0000000207;2190011410207;E1000289;Dress;41;41;Rouge;Rouge;GLOBAL;Bottom;dress;NULL;NULL;NULL
EA0000000208;2190011410208;E1000290;Chemise;41;41;white;white;GLOBAL;top;T_Shirt;NULL;NULL;NULL
EA0000000209;2190011410209;E1000291;Chemise;41;41;white;white;GLOBAL;top;T_Shirt;NULL;NULL;NULL
EA0000000210;2190011410210;E1000292;Dress;41;41;Rouge;Rouge;GLOBAL;Bottom;dress;NULL;NULL;NULL
EA0000000211;2190011410211;E1000293;Chemise;41;41;white;white;GLOBAL;top;T_Shirt;NULL;NULL;NULL
EA0000000212;2190011410212;E1000294;Chemise;41;41;white;white;GLOBAL;top;T_Shirt;NULL;NULL;NULL
EA0000000213;2190011410213;E1000295;Dress;41;41;Rouge;Rouge;GLOBAL;Bottom;dress;NULL;NULL;NULL
EA0000000214;2190011410214;E1000296;Chemise;41;41;white;white;TIMSOFT;top;T_Shirt;NULL;NULL;NULL
EA0000000215;2190011410215;E1000297;Chemise;41;41;white;white;TIMSOFT;top;T_Shirt;NULL;NULL;NULL
EA0000000216;2190011410216;E1000298;Dress;41;41;Rouge;Rouge;TIMSOFT;Bottom;dress;NULL;NULL;NULL
EA0000000217;2190011410217;E1000299;Chemise;41;41;white;white;TIMSOFT;top;T_Shirt;NULL;NULL;NULL
EA0000000218;2190011410218;E1000300;Chemise;41;41;white;white;TIMSOFT;top;T_Shirt;NULL;NULL;NULL
EA0000000219;2190011410219;E1000301;Dress;41;41;Rouge;Rouge;TIMSOFT;Bottom;dress;NULL;NULL;NULL
EA0000000220;2190011410220;E1000302;Chemise;41;41;white;white;TIMSOFT;top;T_Shirt;NULL;NULL;NULL
EA0000000221;2190011410221;E1000303;Chemise;41;41;white;white;TIMSOFT;top;T_Shirt;NULL;NULL;NULL
EA0000000222;2190011410222;E1000304;Dress;41;41;Rouge;Rouge;TIMSOFT;Bottom;dress;NULL;NULL;NULL
EA0000000223;2190011410223;E1000305;Chemise;41;41;white;white;TIMSOFT;top;T_Shirt;NULL;NULL;NULL
EA0000000224;2190011410224;E1000306;Chemise;41;41;white;white;TIMSOFT;top;T_Shirt;NULL;NULL;NULL
EA0000000225;2190011410225;E1000307;Dress;41;41;Rouge;Rouge;TIMSOFT;Bottom;dress;NULL;NULL;NULL
EA0000000226;2190011410226;E1000308;Chemise;41;41;white;white;TIMSOFT;top;T_Shirt;NULL;NULL;NULL
EA0000000227;2190011410227;E1000309;Chemise;41;41;white;white;TIMSOFT;top;T_Shirt;NULL;NULL;NULL
EA0000000228;2190011410228;E1000310;Dress;41;41;Rouge;Rouge;TIMSOFT;Bottom;dress;NULL;NULL;NULL
EA0000000229;2190011410229;E1000311;Chemise;41;41;white;white;TIMSOFT;top;T_Shirt;NULL;NULL;NULL
EA0000000230;2190011410230;E1000312;Chemise;41;41;white;white;TIMSOFT;top;T_Shirt;NULL;NULL;NULL
EA0000000231;2190011410231;E1000313;Dress;41;41;Rouge;Rouge;TIMSOFT;Bottom;dress;NULL;NULL;NULL
EA0000000232;2190011410232;E1000314;Chemise;41;41;white;white;TIMSOFT;top;T_Shirt;NULL;NULL;NULL
EA0000000233;2190011410233;E1000315;Chemise;41;41;white;white;TIMSOFT;top;T_Shirt;NULL;NULL;NULL
EA0000000234;2190011410234;E1000316;Dress;41;41;Rouge;Rouge;TIMSOFT;Bottom;dress;NULL;NULL;NULL
EA0000000235;2190011410235;E1000317;Chemise;41;41;white;white;TIMSOFT;top;T_Shirt;NULL;NULL;NULL
